,mse_mean,mse_std,mae_mean,mae_std,r2_mean,r2_std
Random Forest,908911.1887727364,823737.0234015753,394.9451111111111,125.29179125414288,0.6470829549925725,0.3652886001874134
XGBoost,992154.290625,815103.8273174291,450.7185302734375,93.15911604443068,0.6222393155097962,0.3738643955510875
CatBoost,1033290.3001151823,733475.8765279477,483.32510367913176,118.34274884896705,0.628233093878751,0.3449680020762112
LightGBM,3911136.0743202316,5444037.111441522,868.1354726599714,677.5704743374114,0.4051655535828931,0.4050645995388121
SymbolicRegressor,786465.2067241456,0.0,320.88272168187626,0.0,0.8643323840396202,0.0
