,mse_mean,mse_std,mae_mean,mae_std,r2_mean,r2_std
Random Forest,903727.5190313064,825623.3918741912,396.8264272965879,125.44469521288175,0.6496138493437092,0.3659943178361682
XGBoost,992154.2384947313,815103.7602579632,450.71852800473914,93.15910307830966,0.6222393155097962,0.3738643955510875
CatBoost,1033290.3001151823,733475.8765279477,483.32510367913176,118.34274884896705,0.628233093878751,0.3449680020762112
LightGBM,3911136.0743202316,5444037.111441522,868.1354726599714,677.5704743374114,0.4051655535828931,0.4050645995388121
